email,name,organization
contact@auroragroup.com,Aurora Group,Aurora Group - Marketing Agency
info@b3business.com,B3 Business Solutions,B3 Business Solutions
contact@atlantamedia.com,Atlanta Media Solutions,Atlanta Media Solutions
info@cambermarketing.com,Camber Marketing Group,Camber Marketing Group
contact@nu-mediamarketing.com,Nu Day Media Relations,Nu Day Media Relations
info@tailfinmarketing.com,Tailfin Marketing,Tailfin Marketing
contact@brightwavemarketing.com,Brightwave Marketing,Brightwave Marketing
info@twentysix2marketing.com,Twentysix2 Marketing,Twentysix2 Marketing
contact@cmglocal.com,CMG Local Solutions,CMG Local Solutions
info@sharitzmarketing.com,Sharitz Marketing Solutions,Sharitz Marketing Solutions
